image,start time,end time,duration
01.png,0,5.763645895640366,5.763645895640366
02.png,5.763645895640366,7.949591342243366,2.185945446603
03.png,7.949591342243366,11.571440116269514,3.621848774026148
