image,start time,end time,duration
01.png,0,5.615591865498573,5.615591865498573
