image,start time,end time,duration
01.png,0,15.492844551161397,15.492844551161397
