image,start time,end time,duration
01.png,0,3.4085502409143373,3.4085502409143373
